age,job,marital,education,default,balance,housing,loan,contact,day,month,duration,campaign,pdays,previous,poutcome,y
33,services,married,secondary,no,4789,yes,yes,cellular,11,may,220,1,339,4,failure,no
35,management,single,tertiary,no,1350,yes,no,cellular,16,apr,185,1,330,1,failure,no
36,technician,married,tertiary,no,1109,no,no,cellular,13,aug,328,2,-1,0,unknown,no
20,student,single,secondary,no,502,no,no,cellular,30,apr,261,1,-1,0,unknown,yes
31,blue-collar,married,secondary,no,360,yes,yes,cellular,29,jan,89,1,241,1,failure,no
25,blue-collar,single,primary,no,-221,yes,no,unknown,23,may,250,1,-1,0,unknown,no
67,retired,married,unknown,no,696,no,no,telephone,17,aug,119,1,105,2,failure,no
56,self-employed,married,secondary,no,784,no,yes,cellular,30,jul,149,2,-1,0,unknown,no
68,retired,divorced,secondary,no,4189,no,no,telephone,14,jul,897,2,-1,0,unknown,yes
49,technician,married,tertiary,no,1235,no,no,cellular,13,aug,354,3,-1,0,unknown,yes
32,blue-collar,married,secondary,no,2089,yes,no,cellular,14,nov,132,1,-1,0,unknown,yes
34,management,single,tertiary,no,872,yes,no,unknown,7,may,105,2,-1,0,unknown,no
45,blue-collar,divorced,primary,no,844,no,no,unknown,5,jun,1018,3,-1,0,unknown,yes
37,technician,single,secondary,no,228,yes,no,cellular,20,aug,1740,2,-1,0,unknown,no
38,technician,single,secondary,no,50,no,no,cellular,29,aug,98,2,-1,0,unknown,no
33,self-employed,single,tertiary,no,2155,no,no,cellular,17,nov,295,1,-1,0,unknown,no
54,technician,divorced,secondary,no,784,yes,yes,unknown,15,may,579,1,-1,0,unknown,no
48,management,married,tertiary,no,5887,no,no,cellular,13,aug,227,2,-1,0,unknown,no
56,admin.,married,secondary,no,16873,no,no,cellular,7,oct,223,1,-1,0,unknown,no
31,services,married,secondary,no,338,yes,no,cellular,28,jan,155,1,-1,0,unknown,no
37,management,married,tertiary,no,0,no,no,cellular,16,jul,268,2,182,3,success,yes
41,services,married,tertiary,no,412,yes,no,unknown,3,jun,154,5,-1,0,unknown,no
41,blue-collar,divorced,secondary,no,174,yes,no,cellular,14,may,367,2,297,1,other,no
50,blue-collar,divorced,primary,no,388,no,no,cellular,5,feb,701,1,-1,0,unknown,no
52,services,married,secondary,no,657,no,no,telephone,7,jul,398,2,460,2,failure,yes
51,blue-collar,married,primary,no,1466,yes,no,unknown,7,may,406,2,-1,0,unknown,no
41,technician,single,secondary,no,879,no,yes,cellular,7,jul,60,4,-1,0,unknown,no
34,blue-collar,married,secondary,no,1831,yes,no,unknown,20,may,203,2,-1,0,unknown,no
34,blue-collar,married,primary,no,455,yes,no,unknown,20,jun,372,3,-1,0,unknown,no
49,technician,married,secondary,no,5996,no,no,telephone,21,nov,345,2,-1,0,unknown,no
37,blue-collar,married,secondary,no,427,yes,yes,unknown,9,jun,371,3,-1,0,unknown,no
21,student,single,secondary,no,2488,no,no,cellular,30,jun,258,6,169,3,success,yes
58,management,married,tertiary,no,1517,yes,no,telephone,29,jul,7,5,-1,0,unknown,no
46,management,divorced,tertiary,no,25,no,no,unknown,17,jun,564,2,-1,0,unknown,no
45,blue-collar,married,primary,no,419,no,no,cellular,18,aug,113,4,-1,0,unknown,no
48,admin.,married,unknown,no,0,yes,no,cellular,8,may,85,1,168,2,failure,no
27,technician,single,secondary,no,769,yes,no,unknown,9,may,317,2,-1,0,unknown,no
29,admin.,single,secondary,no,428,yes,yes,cellular,7,may,54,1,345,2,failure,no
32,management,single,tertiary,no,0,yes,no,cellular,22,jul,455,2,-1,0,unknown,no
48,technician,married,secondary,no,1152,yes,no,cellular,21,jul,168,5,-1,0,unknown,no
39,technician,married,secondary,no,501,no,no,unknown,26,may,289,1,-1,0,unknown,no
32,blue-collar,single,secondary,no,1143,yes,yes,cellular,10,jul,412,1,-1,0,unknown,no
37,admin.,married,secondary,no,176,yes,no,cellular,5,may,147,2,347,1,failure,no
34,admin.,single,secondary,no,6979,yes,no,cellular,15,may,14,5,-1,0,unknown,no
40,admin.,divorced,secondary,no,6,no,no,unknown,11,jun,140,1,-1,0,unknown,no
34,self-employed,married,tertiary,no,1972,yes,no,cellular,23,jul,61,2,-1,0,unknown,no
49,blue-collar,married,primary,no,0,yes,yes,telephone,23,jul,97,6,-1,0,unknown,no
42,technician,married,tertiary,no,782,no,no,cellular,3,apr,285,1,-1,0,unknown,no
48,technician,married,secondary,no,1526,no,no,cellular,6,aug,273,2,-1,0,unknown,no
35,technician,single,tertiary,no,2658,yes,no,cellular,19,aug,768,2,141,3,failure,yes
29,technician,married,secondary,no,1599,yes,no,cellular,8,jul,115,1,61,1,failure,no
38,technician,married,tertiary,no,432,yes,no,cellular,15,may,10,2,373,1,other,no
30,blue-collar,married,secondary,no,975,yes,no,cellular,13,may,256,2,351,2,failure,no
41,self-employed,married,primary,no,204,no,no,cellular,13,aug,111,7,-1,0,unknown,no
32,services,single,secondary,no,406,yes,no,unknown,6,may,227,1,-1,0,unknown,no
33,technician,married,secondary,no,359,yes,no,cellular,20,apr,210,1,242,1,other,no
40,entrepreneur,married,tertiary,no,3571,no,no,unknown,9,jun,222,3,-1,0,unknown,no
51,unemployed,married,tertiary,no,1634,yes,no,cellular,22,jul,168,4,-1,0,unknown,no
44,management,married,tertiary,no,3762,no,no,cellular,28,aug,125,12,-1,0,unknown,no
36,management,married,tertiary,no,0,yes,no,cellular,28,jan,60,1,250,1,other,no
28,unemployed,single,secondary,no,16,no,no,cellular,12,aug,119,4,-1,0,unknown,no
39,technician,single,tertiary,no,5803,no,no,cellular,2,feb,83,3,-1,0,unknown,no
56,services,divorced,secondary,no,1007,no,no,cellular,29,jul,88,6,-1,0,unknown,no
42,admin.,divorced,secondary,no,63,no,no,unknown,16,may,88,6,-1,0,unknown,no
28,technician,single,tertiary,no,2269,yes,no,unknown,9,may,331,1,-1,0,unknown,no
53,technician,divorced,secondary,no,0,yes,yes,cellular,15,jul,135,5,-1,0,unknown,no
70,retired,divorced,primary,no,4531,no,no,cellular,18,may,445,1,-1,0,unknown,no
65,retired,divorced,primary,no,1840,no,no,cellular,1,jun,383,2,188,5,failure,no
38,unemployed,married,primary,no,1147,yes,yes,unknown,8,may,249,5,-1,0,unknown,no
55,management,married,unknown,no,559,no,no,cellular,28,jan,271,2,-1,0,unknown,no
43,blue-collar,single,primary,no,2,yes,no,cellular,30,jul,783,3,-1,0,unknown,no
30,blue-collar,married,primary,no,1317,yes,no,unknown,21,may,395,2,-1,0,unknown,no
46,blue-collar,married,secondary,no,182,no,no,cellular,4,feb,56,1,-1,0,unknown,no
48,admin.,single,secondary,no,1150,yes,no,unknown,28,may,357,1,-1,0,unknown,no
29,technician,single,tertiary,no,828,yes,no,cellular,16,apr,215,3,321,3,other,no
47,management,divorced,tertiary,no,447,no,yes,unknown,7,may,126,1,-1,0,unknown,no
56,retired,married,tertiary,no,478,no,no,cellular,5,feb,97,1,-1,0,unknown,no
41,self-employed,single,tertiary,no,3950,yes,no,unknown,30,may,96,2,-1,0,unknown,no
31,blue-collar,married,secondary,no,1660,yes,no,cellular,20,apr,342,1,-1,0,unknown,no
30,services,single,secondary,no,209,yes,no,unknown,6,may,30,2,-1,0,unknown,no
48,admin.,divorced,secondary,no,4099,no,no,cellular,2,apr,397,2,-1,0,unknown,yes
60,retired,married,primary,no,55,no,no,cellular,4,jun,207,1,-1,0,unknown,no
38,services,married,secondary,no,-140,no,no,unknown,25,jun,456,3,-1,0,unknown,no
39,blue-collar,married,secondary,no,0,yes,no,cellular,30,apr,53,1,325,1,failure,no
41,technician,married,secondary,no,288,yes,no,unknown,15,may,221,4,-1,0,unknown,no
34,admin.,married,secondary,no,613,yes,no,cellular,4,jun,80,1,-1,0,unknown,no
35,technician,divorced,tertiary,no,4515,yes,no,cellular,19,nov,98,2,-1,0,unknown,no
45,self-employed,married,secondary,no,3098,yes,no,cellular,7,aug,159,2,-1,0,unknown,no
54,admin.,married,secondary,no,0,no,no,cellular,28,jan,161,1,98,2,failure,yes
49,management,married,tertiary,no,322,no,no,cellular,6,aug,72,4,-1,0,unknown,no
46,technician,married,secondary,no,1322,yes,yes,cellular,19,nov,514,1,-1,0,unknown,no
36,blue-collar,married,primary,no,973,yes,yes,unknown,23,may,293,1,-1,0,unknown,no
26,technician,married,tertiary,no,3825,yes,no,unknown,13,may,107,1,-1,0,unknown,no
40,management,married,tertiary,no,542,yes,no,cellular,20,nov,1816,1,-1,0,unknown,no
29,management,married,tertiary,no,20,yes,no,cellular,12,may,418,1,-1,0,unknown,no
34,technician,single,tertiary,no,228,yes,no,cellular,22,jul,387,4,-1,0,unknown,no
27,admin.,single,secondary,no,619,yes,no,cellular,20,apr,16,5,322,4,other,no
44,management,married,tertiary,no,22,yes,no,cellular,6,aug,265,2,-1,0,unknown,no
30,admin.,single,secondary,no,239,yes,no,cellular,7,may,115,3,-1,0,unknown,no
62,retired,married,secondary,no,816,no,no,cellular,1,sep,28,2,-1,0,unknown,no
47,admin.,married,secondary,no,2,no,no,cellular,10,jul,89,1,-1,0,unknown,no
55,unemployed,married,tertiary,no,383,no,no,unknown,6,may,343,3,-1,0,unknown,no
59,housemaid,married,secondary,no,0,no,no,telephone,3,feb,722,1,99,4,failure,no
77,retired,married,tertiary,no,7802,no,no,telephone,4,may,421,1,92,2,success,yes
37,management,single,unknown,no,715,yes,no,unknown,20,may,247,2,-1,0,unknown,no
40,technician,married,secondary,no,694,yes,no,cellular,4,feb,97,4,196,5,failure,no
40,management,married,tertiary,no,0,no,no,cellular,14,jul,109,8,-1,0,unknown,no
54,management,married,tertiary,no,55,yes,no,cellular,2,jun,112,2,-1,0,unknown,no
55,blue-collar,single,primary,no,1187,yes,no,unknown,2,jun,193,2,-1,0,unknown,no
44,technician,single,secondary,no,244,yes,no,cellular,12,aug,1735,4,-1,0,unknown,yes
58,admin.,married,secondary,no,2,yes,yes,telephone,25,jul,282,9,-1,0,unknown,no
41,management,married,tertiary,no,3872,no,no,cellular,15,oct,231,1,-1,0,unknown,no
45,unemployed,divorced,primary,no,757,no,no,cellular,20,apr,103,1,325,4,failure,no
36,blue-collar,married,primary,no,1925,yes,no,cellular,20,apr,904,2,-1,0,unknown,yes
34,management,married,tertiary,no,902,yes,no,cellular,14,may,159,1,367,2,other,no
43,admin.,divorced,secondary,no,738,yes,no,cellular,21,nov,585,4,191,4,failure,no
49,unemployed,divorced,secondary,no,66,no,no,cellular,9,jul,218,3,-1,0,unknown,no
40,management,married,tertiary,no,1584,yes,no,telephone,21,nov,661,1,-1,0,unknown,no
28,student,single,secondary,no,378,yes,no,cellular,17,apr,346,1,-1,0,unknown,no
50,technician,married,secondary,no,2497,yes,no,cellular,21,nov,35,1,176,1,failure,no
40,technician,married,secondary,no,56,yes,yes,cellular,29,jan,194,1,247,1,failure,no
28,student,single,secondary,no,459,no,no,cellular,16,mar,83,13,-1,0,unknown,no
35,services,divorced,secondary,no,67,yes,no,cellular,5,may,192,2,-1,0,unknown,no
44,services,married,secondary,no,0,yes,yes,cellular,11,may,161,1,-1,0,unknown,no
45,self-employed,married,tertiary,no,334,no,no,unknown,5,jun,87,2,-1,0,unknown,no
41,services,married,secondary,no,108,yes,yes,unknown,13,may,83,7,-1,0,unknown,no
37,unemployed,single,tertiary,yes,0,yes,no,cellular,10,jul,108,1,-1,0,unknown,no
52,entrepreneur,married,tertiary,no,54,yes,yes,telephone,18,nov,103,1,-1,0,unknown,no
50,blue-collar,married,primary,no,12519,yes,no,cellular,17,apr,146,2,147,4,success,no
28,blue-collar,married,secondary,no,1020,yes,no,unknown,28,may,251,1,-1,0,unknown,no
36,technician,divorced,tertiary,no,119,no,no,cellular,23,jul,127,8,-1,0,unknown,no
26,entrepreneur,single,tertiary,no,81,no,no,cellular,21,jul,262,3,-1,0,unknown,no
31,management,single,secondary,no,36,no,no,cellular,27,aug,105,2,-1,0,unknown,no
30,technician,single,tertiary,no,6619,yes,no,cellular,21,aug,239,8,-1,0,unknown,no
40,management,single,tertiary,no,1509,no,no,cellular,12,may,333,1,58,3,failure,no
45,technician,married,secondary,no,88,no,no,cellular,29,aug,150,2,-1,0,unknown,no
52,blue-collar,married,secondary,no,289,yes,no,unknown,21,may,45,13,-1,0,unknown,no
31,self-employed,married,secondary,no,33,no,no,cellular,6,aug,165,4,-1,0,unknown,no
36,technician,divorced,secondary,no,666,yes,yes,cellular,3,apr,190,1,133,1,other,no
28,management,single,tertiary,no,0,yes,no,cellular,16,jul,767,5,-1,0,unknown,yes
32,management,married,tertiary,no,0,no,no,cellular,19,nov,66,1,-1,0,unknown,no
37,technician,married,secondary,no,64,yes,no,cellular,12,may,239,4,278,2,other,no
44,housemaid,married,primary,no,3706,no,no,unknown,17,jun,209,3,-1,0,unknown,no
30,technician,single,tertiary,no,985,yes,no,cellular,19,feb,88,2,-1,0,unknown,no
36,blue-collar,single,secondary,no,340,no,yes,unknown,16,jun,559,3,-1,0,unknown,no
29,services,married,secondary,no,3,yes,no,cellular,10,jul,183,1,-1,0,unknown,no
35,self-employed,divorced,tertiary,no,1354,yes,no,unknown,23,may,736,2,-1,0,unknown,yes
28,technician,single,tertiary,no,102,no,no,cellular,28,jan,321,2,-1,0,unknown,no
40,blue-collar,married,secondary,no,498,yes,no,cellular,8,may,55,2,298,4,failure,no
48,entrepreneur,married,tertiary,no,810,no,no,unknown,6,jun,383,1,-1,0,unknown,no
37,management,single,tertiary,no,509,yes,no,cellular,6,may,133,1,-1,0,unknown,no
47,management,single,tertiary,no,153,yes,no,cellular,18,nov,192,2,-1,0,unknown,no
46,services,married,secondary,no,0,yes,no,cellular,22,jun,154,1,124,1,other,no
53,management,married,secondary,no,66,no,yes,telephone,8,jul,141,1,-1,0,unknown,no
31,blue-collar,married,primary,no,352,yes,no,unknown,19,may,97,9,-1,0,unknown,no
35,blue-collar,married,secondary,no,1949,yes,no,unknown,2,jun,200,3,-1,0,unknown,no
32,admin.,single,secondary,no,739,yes,no,cellular,20,nov,91,3,-1,0,unknown,no
42,entrepreneur,married,tertiary,no,233,no,no,cellular,5,feb,446,1,-1,0,unknown,no
59,admin.,married,secondary,no,817,no,no,cellular,9,apr,304,1,-1,0,unknown,no
26,blue-collar,single,secondary,no,-32,yes,yes,cellular,31,jul,14,6,-1,0,unknown,no
42,blue-collar,married,secondary,no,352,yes,no,cellular,11,may,79,3,-1,0,unknown,no
43,technician,married,secondary,no,764,yes,no,cellular,14,jul,557,5,-1,0,unknown,no
34,management,single,tertiary,no,4348,yes,no,cellular,28,aug,373,8,-1,0,unknown,no
50,management,married,tertiary,no,2881,no,no,cellular,5,aug,510,2,2,5,other,no
32,technician,single,secondary,no,271,yes,no,cellular,13,may,80,2,268,2,other,no
47,technician,married,secondary,no,-75,yes,no,cellular,4,feb,57,1,247,1,other,no
32,blue-collar,married,secondary,no,456,no,no,cellular,12,may,121,1,-1,0,unknown,no
27,blue-collar,single,primary,no,1209,no,no,cellular,29,jan,283,1,-1,0,unknown,no
27,services,married,secondary,no,58,yes,no,cellular,7,may,113,1,337,2,other,no
40,self-employed,married,tertiary,no,13669,no,no,cellular,15,oct,138,1,136,8,other,no
39,technician,married,tertiary,no,794,no,no,telephone,2,feb,182,1,-1,0,unknown,no
32,blue-collar,single,primary,no,882,no,yes,cellular,29,jul,80,8,-1,0,unknown,no
42,management,single,tertiary,no,0,no,no,cellular,7,sep,99,1,-1,0,unknown,no
27,services,single,secondary,no,-151,no,no,cellular,8,jul,283,2,-1,0,unknown,no
42,technician,married,secondary,no,439,no,no,cellular,20,aug,143,2,-1,0,unknown,no
46,management,divorced,tertiary,no,624,no,no,cellular,17,sep,336,2,183,2,success,yes
31,housemaid,single,primary,no,26965,no,no,cellular,21,apr,654,2,-1,0,unknown,yes
38,management,single,tertiary,no,15030,yes,no,cellular,13,may,167,1,174,7,other,no
43,blue-collar,married,primary,no,757,yes,no,unknown,9,may,315,4,-1,0,unknown,no
40,blue-collar,married,primary,no,1206,no,yes,telephone,16,jul,201,5,-1,0,unknown,no
37,technician,married,tertiary,no,0,yes,no,cellular,17,nov,77,1,-1,0,unknown,no
34,entrepreneur,married,secondary,no,-139,yes,yes,unknown,27,may,492,2,-1,0,unknown,no
34,management,married,tertiary,no,136,yes,no,cellular,22,apr,156,1,-1,0,unknown,no
67,blue-collar,married,secondary,no,16353,no,no,cellular,27,oct,223,2,-1,0,unknown,no
38,admin.,married,primary,no,3913,yes,no,cellular,20,apr,196,2,315,2,failure,no
51,admin.,divorced,secondary,no,340,yes,no,unknown,8,may,186,1,-1,0,unknown,no
41,admin.,married,secondary,no,2993,yes,no,cellular,22,jul,24,12,-1,0,unknown,no
39,management,divorced,tertiary,no,3575,no,yes,cellular,18,aug,74,3,-1,0,unknown,no
44,technician,divorced,secondary,no,0,no,no,cellular,12,aug,56,2,-1,0,unknown,no
51,admin.,married,secondary,no,2662,no,no,telephone,28,jan,148,2,-1,0,unknown,no
34,management,single,tertiary,no,84,no,no,cellular,5,feb,231,1,-1,0,unknown,no
55,management,divorced,unknown,no,2,yes,no,unknown,19,may,95,1,-1,0,unknown,no
37,technician,single,tertiary,no,3315,yes,no,cellular,9,apr,820,2,-1,0,unknown,no
52,admin.,married,secondary,no,2347,no,yes,cellular,12,aug,603,3,-1,0,unknown,no
53,management,divorced,primary,no,255,no,no,cellular,19,nov,126,1,-1,0,unknown,no
33,management,single,tertiary,no,1909,no,no,cellular,8,aug,191,2,-1,0,unknown,no
25,services,single,secondary,no,3217,yes,no,unknown,28,may,24,1,-1,0,unknown,no
41,blue-collar,married,primary,no,2067,yes,no,cellular,15,may,493,7,-1,0,unknown,no
34,blue-collar,single,secondary,no,215,no,no,cellular,3,mar,350,3,-1,0,unknown,yes
43,management,divorced,tertiary,no,388,yes,no,unknown,8,may,2087,2,-1,0,unknown,yes
56,management,divorced,tertiary,no,1016,yes,no,unknown,9,jun,184,5,-1,0,unknown,no
37,admin.,married,tertiary,no,3913,yes,no,cellular,27,apr,124,1,-1,0,unknown,yes
31,admin.,married,secondary,no,314,yes,no,cellular,17,apr,279,1,-1,0,unknown,no
34,technician,married,secondary,no,209,yes,yes,cellular,8,apr,375,2,-1,0,unknown,no
31,technician,single,tertiary,no,438,yes,no,cellular,12,aug,130,2,-1,0,unknown,no
40,management,married,tertiary,no,5,yes,no,cellular,18,nov,219,3,-1,0,unknown,no
42,entrepreneur,married,primary,no,198,yes,no,unknown,8,may,314,1,-1,0,unknown,no
43,retired,married,secondary,no,520,yes,no,unknown,20,may,15,13,-1,0,unknown,no
38,admin.,married,secondary,no,1852,yes,no,cellular,15,may,298,2,-1,0,unknown,no
41,management,married,tertiary,no,176,yes,yes,unknown,5,may,42,1,-1,0,unknown,no
39,admin.,divorced,secondary,no,2903,yes,yes,telephone,25,jul,259,2,-1,0,unknown,no
41,blue-collar,married,secondary,no,780,yes,no,cellular,15,may,432,3,-1,0,unknown,no
36,blue-collar,married,secondary,no,0,no,no,unknown,20,jun,332,3,-1,0,unknown,no
63,entrepreneur,married,secondary,no,3904,no,no,telephone,4,aug,250,2,187,2,success,yes
32,management,married,tertiary,no,1390,no,no,cellular,7,aug,116,2,-1,0,unknown,no
57,retired,married,primary,no,808,no,no,telephone,7,jul,274,1,-1,0,unknown,no
50,technician,married,secondary,no,-568,yes,yes,unknown,28,may,860,2,-1,0,unknown,no
38,technician,married,secondary,no,740,no,no,cellular,7,aug,259,3,-1,0,unknown,no
38,blue-collar,married,secondary,no,0,yes,no,cellular,13,may,57,5,349,1,other,no
30,management,single,tertiary,no,726,yes,no,cellular,16,apr,39,1,342,3,failure,no
28,technician,divorced,tertiary,no,594,yes,yes,unknown,18,jun,54,3,-1,0,unknown,no
54,unknown,married,secondary,no,2206,no,no,cellular,12,nov,104,1,99,2,other,yes
48,admin.,married,secondary,no,112,no,no,cellular,18,aug,139,5,-1,0,unknown,no
59,management,married,tertiary,no,1831,no,no,cellular,17,feb,122,1,92,1,failure,no
55,blue-collar,married,unknown,no,1665,no,no,telephone,30,jul,89,2,-1,0,unknown,no
36,technician,divorced,secondary,no,487,no,yes,cellular,11,aug,268,3,-1,0,unknown,no
41,admin.,married,secondary,no,5110,yes,no,cellular,13,apr,231,1,-1,0,unknown,no
51,entrepreneur,married,tertiary,no,5403,no,no,unknown,6,jun,42,1,-1,0,unknown,no
37,technician,married,unknown,no,189,no,no,cellular,1,oct,238,1,107,2,success,yes
34,blue-collar,married,primary,no,176,no,no,cellular,24,jul,78,1,-1,0,unknown,no
57,retired,married,tertiary,no,0,yes,yes,unknown,28,may,648,1,-1,0,unknown,yes
60,management,divorced,tertiary,no,366,no,no,cellular,3,jun,593,1,-1,0,unknown,yes
27,management,single,tertiary,no,446,no,no,cellular,23,jun,205,3,-1,0,unknown,no
29,unemployed,single,tertiary,no,991,no,no,cellular,5,feb,563,1,-1,0,unknown,no
32,technician,single,tertiary,no,5514,no,no,cellular,22,apr,319,1,182,1,success,yes
33,blue-collar,married,secondary,no,889,yes,no,unknown,18,sep,13,1,373,6,success,no
37,admin.,married,secondary,no,1193,no,no,cellular,12,may,396,2,-1,0,unknown,no
38,management,married,tertiary,no,126,yes,no,unknown,21,may,164,2,-1,0,unknown,no
27,technician,married,secondary,no,130,yes,no,cellular,7,may,265,3,-1,0,unknown,no
54,retired,divorced,tertiary,no,0,no,no,unknown,13,may,618,1,-1,0,unknown,yes
58,self-employed,married,secondary,no,1407,yes,no,unknown,30,may,58,1,-1,0,unknown,no
39,blue-collar,married,unknown,no,0,no,no,cellular,2,feb,731,1,193,3,failure,no
36,entrepreneur,married,primary,no,177,yes,no,unknown,12,may,63,5,-1,0,unknown,no
30,blue-collar,single,secondary,no,75,yes,no,unknown,16,may,123,1,-1,0,unknown,no
32,admin.,single,secondary,no,116,no,yes,cellular,16,jul,255,2,-1,0,unknown,no
27,services,married,secondary,no,54,yes,no,cellular,18,may,97,1,370,1,failure,no
44,admin.,married,secondary,no,2403,yes,no,cellular,28,jan,180,2,-1,0,unknown,no
33,technician,married,secondary,no,0,yes,yes,cellular,19,nov,163,2,-1,0,unknown,no
33,services,single,secondary,no,-56,no,yes,cellular,10,jul,119,5,-1,0,unknown,no
30,blue-collar,married,primary,no,1,yes,yes,telephone,22,jul,80,2,-1,0,unknown,no
36,unemployed,married,secondary,no,-129,yes,no,cellular,29,jul,121,3,-1,0,unknown,no
30,admin.,married,secondary,no,122,yes,no,unknown,16,may,107,1,-1,0,unknown,no
30,blue-collar,married,secondary,no,673,yes,no,unknown,20,may,610,2,-1,0,unknown,no
49,technician,married,secondary,no,1091,no,no,telephone,30,jul,47,2,-1,0,unknown,no
46,blue-collar,married,secondary,no,494,yes,no,unknown,26,may,724,1,-1,0,unknown,no
48,services,married,primary,yes,-583,yes,no,unknown,2,jun,25,7,-1,0,unknown,no
48,management,married,tertiary,no,60,no,no,telephone,7,may,376,2,339,7,failure,no
41,entrepreneur,married,tertiary,no,171,yes,no,cellular,19,nov,209,1,191,4,failure,no
33,blue-collar,divorced,primary,no,142,yes,no,telephone,11,may,41,2,300,5,failure,no
45,admin.,married,secondary,no,204,yes,no,cellular,3,jun,224,2,-1,0,unknown,yes
48,technician,married,secondary,no,127,no,yes,cellular,7,aug,524,5,-1,0,unknown,no
47,technician,married,secondary,no,1233,yes,no,unknown,11,sep,91,1,100,2,other,yes
55,services,divorced,primary,no,2923,yes,no,unknown,15,may,104,2,-1,0,unknown,no
36,management,married,tertiary,no,-296,yes,no,cellular,14,may,113,3,-1,0,unknown,no
65,retired,divorced,unknown,no,300,no,no,cellular,2,aug,245,2,-1,0,unknown,no
45,self-employed,married,secondary,no,706,no,no,cellular,30,apr,78,2,176,1,success,no
41,blue-collar,married,secondary,no,121,yes,no,cellular,13,may,16,6,176,5,other,no
34,management,married,tertiary,no,4170,yes,no,unknown,21,may,935,1,-1,0,unknown,no
50,management,married,tertiary,no,85,no,yes,cellular,1,jun,141,1,-1,0,unknown,no
38,technician,married,tertiary,no,3234,no,no,cellular,18,nov,578,2,-1,0,unknown,yes
50,management,married,tertiary,no,0,no,no,cellular,9,jul,243,5,-1,0,unknown,no
34,management,single,tertiary,no,1171,yes,no,cellular,10,jul,129,1,-1,0,unknown,no
29,technician,single,tertiary,no,452,yes,no,cellular,11,may,59,1,-1,0,unknown,no
38,entrepreneur,married,secondary,no,157,no,yes,cellular,15,may,57,11,366,1,other,no
34,entrepreneur,married,tertiary,no,-28,yes,no,cellular,16,jul,574,1,-1,0,unknown,no
57,retired,married,primary,no,2927,no,yes,telephone,30,jul,78,5,-1,0,unknown,no
56,housemaid,divorced,primary,yes,1238,no,no,unknown,5,jun,1558,1,-1,0,unknown,yes
32,self-employed,married,secondary,no,413,yes,no,cellular,11,jul,712,2,-1,0,unknown,no
45,admin.,married,secondary,no,638,yes,no,cellular,20,aug,75,9,-1,0,unknown,no
31,technician,single,secondary,no,433,no,no,cellular,11,aug,1504,2,-1,0,unknown,no
36,technician,married,unknown,no,756,no,no,cellular,11,jul,396,3,-1,0,unknown,no
38,technician,single,tertiary,no,0,yes,no,cellular,1,jun,71,1,-1,0,unknown,no
33,unknown,married,secondary,no,2727,no,no,cellular,6,aug,205,3,-1,0,unknown,no
38,management,married,tertiary,no,0,yes,no,cellular,13,may,537,5,303,2,failure,no
38,technician,single,tertiary,no,744,yes,no,cellular,14,may,283,1,288,12,other,no
35,self-employed,married,tertiary,no,8647,no,no,cellular,19,nov,140,2,-1,0,unknown,no
43,technician,single,tertiary,no,27733,yes,no,unknown,3,jun,164,7,-1,0,unknown,no
26,admin.,single,secondary,no,443,no,no,cellular,30,jul,84,3,-1,0,unknown,no
39,technician,single,tertiary,no,-41,no,yes,cellular,25,aug,40,15,-1,0,unknown,no
51,blue-collar,divorced,primary,no,837,no,no,telephone,30,jul,41,2,-1,0,unknown,no
46,technician,married,secondary,no,57,no,no,unknown,28,may,796,1,-1,0,unknown,yes
36,entrepreneur,single,secondary,no,475,no,no,cellular,25,jul,141,3,-1,0,unknown,no
40,management,married,tertiary,no,-7,no,yes,telephone,25,jul,697,1,-1,0,unknown,no
46,housemaid,married,primary,no,19,yes,no,telephone,21,jul,171,1,-1,0,unknown,no
32,technician,married,secondary,no,286,no,no,cellular,20,apr,60,1,343,4,failure,no
42,blue-collar,married,primary,no,792,yes,yes,cellular,19,nov,611,2,175,12,other,no
41,services,married,secondary,no,3992,yes,no,telephone,20,nov,281,2,-1,0,unknown,no
46,blue-collar,married,primary,no,2749,yes,no,cellular,17,nov,332,1,-1,0,unknown,no
33,technician,married,secondary,no,133,no,no,cellular,4,may,218,1,-1,0,unknown,yes
54,management,divorced,tertiary,no,2171,yes,yes,telephone,18,nov,1034,1,-1,0,unknown,yes
50,blue-collar,divorced,secondary,no,203,yes,no,telephone,19,nov,265,1,127,4,other,no
32,services,single,unknown,no,6145,yes,no,cellular,14,may,362,1,287,13,failure,no
41,self-employed,married,secondary,no,28,yes,no,cellular,11,may,49,1,-1,0,unknown,no
33,blue-collar,married,primary,no,245,yes,yes,cellular,8,may,253,3,-1,0,unknown,no
34,blue-collar,married,secondary,no,3990,yes,no,cellular,24,jul,633,7,-1,0,unknown,no
31,admin.,single,secondary,no,144,yes,no,unknown,4,jul,43,11,-1,0,unknown,no
54,services,married,unknown,no,386,no,yes,cellular,19,nov,74,1,152,1,success,no
42,technician,single,secondary,no,0,yes,no,unknown,7,may,275,4,-1,0,unknown,no
42,management,divorced,unknown,no,7702,no,no,cellular,16,feb,138,2,-1,0,unknown,yes
34,blue-collar,single,primary,no,464,yes,no,cellular,18,may,173,1,299,2,other,no
47,admin.,married,secondary,no,104,yes,yes,cellular,14,jul,77,2,-1,0,unknown,no
38,blue-collar,married,primary,no,0,yes,no,unknown,3,jun,179,2,-1,0,unknown,no
37,management,single,tertiary,no,815,yes,no,cellular,7,may,77,1,-1,0,unknown,no
50,services,married,secondary,no,1572,yes,no,cellular,9,jul,185,1,-1,0,unknown,no
32,management,married,secondary,no,6217,yes,yes,cellular,18,nov,486,2,181,2,failure,no
33,management,single,secondary,no,8004,no,no,cellular,19,nov,414,3,-1,0,unknown,no
58,self-employed,married,primary,no,671,yes,no,unknown,17,jun,16,3,-1,0,unknown,no
32,management,divorced,tertiary,no,1,yes,no,unknown,8,may,399,4,-1,0,unknown,no
33,blue-collar,married,secondary,no,687,yes,no,cellular,14,may,72,2,370,1,failure,no
33,admin.,married,secondary,no,353,yes,no,cellular,19,nov,107,2,-1,0,unknown,no
41,entrepreneur,married,secondary,no,353,no,no,cellular,19,nov,90,2,-1,0,unknown,no
58,unemployed,married,tertiary,no,744,no,no,telephone,28,jan,38,1,-1,0,unknown,no
36,admin.,divorced,secondary,no,356,yes,no,cellular,7,apr,244,3,313,1,failure,no
45,blue-collar,married,primary,no,1291,yes,no,cellular,28,aug,189,17,-1,0,unknown,no
23,technician,single,secondary,no,-306,yes,no,unknown,4,jun,217,2,-1,0,unknown,no
45,admin.,single,secondary,no,-11,yes,no,cellular,5,may,247,1,-1,0,unknown,no
31,services,single,secondary,no,0,yes,no,unknown,28,may,231,2,-1,0,unknown,no
32,technician,single,tertiary,no,569,no,yes,cellular,29,jan,348,1,-1,0,unknown,no
34,admin.,single,primary,no,0,yes,yes,cellular,6,may,172,4,-1,0,unknown,no
51,blue-collar,divorced,primary,no,-28,no,yes,unknown,2,jul,220,2,-1,0,unknown,no
37,technician,single,secondary,no,2442,no,no,cellular,16,feb,91,3,-1,0,unknown,yes
58,unemployed,married,tertiary,no,1798,yes,no,cellular,5,feb,19,8,-1,0,unknown,no
35,management,single,tertiary,no,5958,yes,no,cellular,22,mar,215,1,-1,0,unknown,yes
30,self-employed,married,secondary,no,123,no,yes,unknown,17,jul,66,1,85,5,other,no
43,unemployed,married,primary,no,960,yes,yes,unknown,15,may,241,2,-1,0,unknown,no
51,technician,married,primary,no,1550,no,no,unknown,20,jun,12,5,-1,0,unknown,no
48,management,married,secondary,no,4415,yes,no,cellular,8,apr,1032,3,141,7,failure,yes
34,technician,married,tertiary,no,197,no,no,cellular,20,aug,78,3,-1,0,unknown,yes
48,management,married,primary,no,1910,yes,no,unknown,29,may,413,2,-1,0,unknown,no
56,management,married,tertiary,no,3172,yes,no,cellular,5,feb,139,1,-1,0,unknown,no
55,retired,married,primary,no,150,no,no,cellular,8,jul,124,1,-1,0,unknown,no
49,admin.,married,secondary,no,197,yes,no,cellular,13,apr,223,1,182,2,failure,yes
47,services,married,tertiary,no,871,no,no,cellular,22,aug,602,9,-1,0,unknown,no
38,technician,married,secondary,no,226,yes,no,unknown,30,may,762,3,-1,0,unknown,yes
32,management,married,tertiary,no,-55,yes,no,cellular,26,aug,107,4,-1,0,unknown,no
29,admin.,single,secondary,no,1992,no,no,cellular,8,jul,202,1,87,2,failure,no
31,technician,single,secondary,no,1094,yes,no,unknown,12,jun,93,8,-1,0,unknown,no
50,self-employed,married,unknown,no,-84,yes,no,unknown,6,may,101,1,-1,0,unknown,no
38,management,married,tertiary,no,0,yes,no,unknown,20,may,206,1,-1,0,unknown,no
32,blue-collar,married,secondary,no,300,no,no,cellular,6,feb,166,2,-1,0,unknown,no
39,management,married,tertiary,no,0,yes,no,unknown,2,jun,46,2,-1,0,unknown,no
41,blue-collar,married,secondary,no,641,yes,no,unknown,13,may,161,1,-1,0,unknown,no
31,technician,single,secondary,no,125,no,no,cellular,22,aug,78,2,-1,0,unknown,no
44,entrepreneur,married,tertiary,no,0,yes,no,unknown,9,jul,300,1,-1,0,unknown,no
31,management,married,tertiary,no,6290,no,no,cellular,20,nov,303,2,-1,0,unknown,no
40,services,divorced,secondary,no,-81,no,yes,cellular,23,jul,186,1,-1,0,unknown,no
46,management,married,tertiary,no,-3,no,no,cellular,28,aug,205,2,-1,0,unknown,no
31,blue-collar,single,primary,no,2488,yes,no,cellular,20,apr,14,1,-1,0,unknown,no
44,technician,divorced,secondary,no,316,yes,no,cellular,21,jul,163,3,-1,0,unknown,no
41,technician,single,secondary,no,1680,yes,no,unknown,2,jun,76,2,-1,0,unknown,no
59,retired,divorced,primary,no,7179,no,no,cellular,5,feb,150,1,-1,0,unknown,no
52,entrepreneur,married,tertiary,no,0,no,no,unknown,19,jun,163,3,-1,0,unknown,no
54,management,divorced,tertiary,no,1295,yes,no,cellular,21,jul,179,10,-1,0,unknown,no
38,services,married,secondary,no,434,yes,no,unknown,20,may,411,1,-1,0,unknown,no
32,blue-collar,married,secondary,no,0,yes,no,cellular,8,may,80,2,-1,0,unknown,no
30,blue-collar,single,secondary,no,180,no,no,cellular,14,jul,203,1,183,2,failure,no
39,technician,married,secondary,no,-735,yes,no,cellular,30,jan,144,5,248,2,failure,no
39,technician,divorced,secondary,no,902,yes,no,cellular,10,feb,691,2,180,5,failure,yes
46,technician,married,secondary,no,499,yes,no,cellular,31,jul,37,10,-1,0,unknown,no
27,services,married,secondary,no,100,no,no,cellular,16,jul,57,2,-1,0,unknown,no
58,management,married,tertiary,no,3228,no,no,cellular,19,aug,58,2,-1,0,unknown,no
40,management,single,tertiary,no,1361,no,no,cellular,29,jan,1473,1,-1,0,unknown,yes
60,retired,married,secondary,no,197,no,no,cellular,7,oct,1386,1,-1,0,unknown,no
30,services,single,tertiary,no,-477,no,yes,cellular,21,aug,1532,2,-1,0,unknown,yes
33,admin.,single,secondary,no,-300,yes,yes,cellular,25,jul,184,1,-1,0,unknown,no
32,services,married,secondary,no,255,yes,yes,unknown,21,may,86,2,-1,0,unknown,no
27,technician,single,secondary,no,489,yes,no,cellular,30,jul,356,4,-1,0,unknown,yes
37,management,single,tertiary,no,695,no,no,cellular,28,jan,233,1,-1,0,unknown,no
30,unemployed,single,secondary,yes,-770,yes,no,unknown,28,may,87,1,-1,0,unknown,no
44,self-employed,divorced,secondary,no,80,yes,yes,unknown,14,may,387,2,-1,0,unknown,no
48,blue-collar,married,secondary,no,333,yes,no,cellular,14,may,24,6,-1,0,unknown,no
33,blue-collar,single,secondary,no,4404,yes,no,cellular,20,nov,766,3,-1,0,unknown,no
78,retired,married,tertiary,no,226,no,no,telephone,6,nov,136,1,-1,0,unknown,no
46,entrepreneur,single,tertiary,no,1410,yes,no,cellular,19,nov,93,1,189,8,failure,no
41,admin.,divorced,secondary,no,6046,yes,yes,telephone,15,mar,300,6,182,2,success,yes
46,management,divorced,tertiary,no,-154,yes,yes,unknown,27,may,107,2,-1,0,unknown,no
30,technician,single,tertiary,no,799,yes,yes,unknown,6,jun,91,18,-1,0,unknown,no
44,blue-collar,married,secondary,no,2523,yes,no,unknown,29,may,1236,2,-1,0,unknown,no
25,unemployed,single,tertiary,no,343,no,no,cellular,1,jun,377,1,-1,0,unknown,yes
49,management,married,tertiary,no,852,yes,no,cellular,20,nov,408,1,-1,0,unknown,no
44,blue-collar,married,primary,no,10,yes,no,cellular,17,jul,196,1,-1,0,unknown,no
35,management,married,tertiary,no,175,yes,no,cellular,7,aug,257,2,-1,0,unknown,no
44,technician,single,secondary,no,7138,no,no,cellular,8,aug,809,2,-1,0,unknown,yes
55,management,divorced,tertiary,no,-612,no,no,cellular,26,aug,131,2,-1,0,unknown,no
54,blue-collar,married,unknown,no,310,yes,no,telephone,28,jan,526,4,258,3,other,no
51,self-employed,married,tertiary,no,833,no,no,cellular,31,jul,77,3,-1,0,unknown,no
34,management,single,tertiary,no,618,yes,no,unknown,3,jun,119,4,-1,0,unknown,no
35,services,single,secondary,no,1063,yes,yes,cellular,16,apr,327,1,-1,0,unknown,no
32,admin.,single,tertiary,no,1583,yes,no,cellular,19,nov,100,1,182,1,failure,no
51,blue-collar,married,primary,no,1869,no,no,unknown,17,jun,30,3,-1,0,unknown,no
74,retired,divorced,secondary,no,4079,no,no,cellular,19,oct,343,3,-1,0,unknown,yes
43,technician,married,secondary,no,7876,yes,no,cellular,11,aug,209,2,-1,0,unknown,no
33,blue-collar,married,secondary,no,285,no,yes,unknown,3,jul,267,1,-1,0,unknown,no
41,blue-collar,divorced,primary,no,664,no,yes,cellular,15,jul,955,5,-1,0,unknown,yes
45,management,married,tertiary,no,-192,yes,no,cellular,6,may,138,3,-1,0,unknown,no
73,retired,married,primary,no,154,no,no,cellular,15,oct,103,1,-1,0,unknown,no
54,management,married,primary,no,3859,no,yes,cellular,20,nov,104,3,-1,0,unknown,no
53,admin.,married,secondary,no,263,no,yes,cellular,18,jul,143,7,-1,0,unknown,no
57,retired,married,secondary,no,0,no,yes,unknown,30,jun,104,2,-1,0,unknown,no
48,technician,married,secondary,no,568,yes,no,cellular,2,sep,378,2,386,1,success,yes
57,technician,married,secondary,no,1469,yes,no,cellular,17,nov,364,1,-1,0,unknown,no
36,management,single,tertiary,no,2806,yes,no,unknown,30,may,358,4,-1,0,unknown,no
31,self-employed,single,secondary,no,1086,no,no,cellular,20,nov,410,1,-1,0,unknown,no
38,management,divorced,tertiary,no,4335,yes,no,cellular,20,nov,640,1,-1,0,unknown,no
46,blue-collar,divorced,primary,no,216,no,no,cellular,2,feb,173,1,-1,0,unknown,no
33,blue-collar,married,secondary,no,-77,yes,no,cellular,28,jul,151,3,-1,0,unknown,no
48,blue-collar,married,secondary,no,0,yes,no,unknown,26,may,105,1,-1,0,unknown,no
51,services,married,secondary,no,0,no,no,cellular,18,jul,439,3,-1,0,unknown,no
47,technician,married,secondary,no,72,no,no,unknown,29,may,278,1,-1,0,unknown,no
35,management,single,tertiary,no,633,yes,no,cellular,17,apr,128,3,-1,0,unknown,no
48,technician,married,secondary,no,4265,yes,no,unknown,13,may,220,2,-1,0,unknown,no
35,management,divorced,tertiary,no,649,no,no,cellular,16,apr,177,1,-1,0,unknown,no
31,management,single,tertiary,no,0,no,no,cellular,28,aug,38,16,-1,0,unknown,no
48,unemployed,married,secondary,no,817,no,no,cellular,14,jan,517,1,282,4,success,yes
59,blue-collar,married,primary,no,0,no,no,cellular,18,nov,167,2,-1,0,unknown,no
47,housemaid,single,tertiary,no,3727,no,no,unknown,12,jun,993,6,-1,0,unknown,yes
35,self-employed,married,secondary,no,8883,no,no,cellular,21,nov,33,3,-1,0,unknown,no
31,technician,single,secondary,no,1970,no,no,telephone,17,apr,284,3,-1,0,unknown,no
62,management,married,tertiary,no,1859,no,no,telephone,6,aug,245,3,-1,0,unknown,yes
29,services,single,secondary,no,0,no,no,cellular,17,jul,58,1,-1,0,unknown,no
60,management,married,tertiary,no,3387,no,no,cellular,14,aug,636,2,-1,0,unknown,no
47,technician,married,secondary,no,826,yes,no,telephone,18,nov,195,3,112,8,other,no
40,services,married,secondary,no,1836,yes,no,cellular,12,may,750,2,-1,0,unknown,yes
51,technician,married,tertiary,no,-3,no,no,cellular,25,aug,91,9,-1,0,unknown,no
46,blue-collar,married,primary,no,174,no,yes,cellular,15,jul,90,1,-1,0,unknown,no
47,management,married,tertiary,no,-50,no,yes,cellular,7,jul,175,1,-1,0,unknown,no
28,blue-collar,married,secondary,no,1325,yes,no,cellular,15,may,242,1,-1,0,unknown,no
58,blue-collar,married,primary,no,0,yes,no,cellular,31,jul,5,25,-1,0,unknown,no
34,management,married,tertiary,no,573,no,no,cellular,10,aug,122,1,-1,0,unknown,no
46,management,single,tertiary,no,2154,yes,no,cellular,21,jul,87,4,-1,0,unknown,no
34,management,single,tertiary,no,6766,no,no,cellular,28,aug,210,5,-1,0,unknown,no
30,self-employed,single,tertiary,no,48,no,no,cellular,21,nov,140,1,-1,0,unknown,no
24,services,married,secondary,no,4500,yes,no,cellular,11,may,733,2,-1,0,unknown,yes
34,admin.,single,secondary,no,10,no,yes,cellular,18,nov,162,1,173,3,failure,no
45,blue-collar,married,primary,no,2433,no,no,cellular,6,aug,133,2,-1,0,unknown,no
70,retired,married,primary,no,3782,no,no,cellular,16,mar,618,1,-1,0,unknown,no
59,retired,married,secondary,no,319,yes,no,unknown,5,may,143,3,-1,0,unknown,no
45,management,married,tertiary,no,-206,yes,no,cellular,6,may,337,2,-1,0,unknown,no
35,technician,married,secondary,no,327,yes,no,cellular,13,apr,537,3,-1,0,unknown,no
44,services,married,secondary,no,5780,yes,no,cellular,1,apr,525,2,-1,0,unknown,no
50,technician,married,secondary,no,1412,no,no,cellular,6,aug,131,3,-1,0,unknown,no
32,blue-collar,married,secondary,no,1905,yes,no,cellular,16,jul,709,2,-1,0,unknown,yes
57,management,married,secondary,no,139,no,no,cellular,17,aug,80,1,-1,0,unknown,no
57,management,married,tertiary,no,320,no,no,cellular,7,aug,76,2,-1,0,unknown,no
57,management,married,tertiary,no,3431,yes,no,unknown,16,may,73,1,-1,0,unknown,no
51,housemaid,divorced,tertiary,no,370,yes,no,cellular,19,aug,109,3,-1,0,unknown,no
54,blue-collar,divorced,primary,no,-182,no,no,cellular,9,jul,98,1,-1,0,unknown,no
26,technician,single,secondary,no,7,yes,no,cellular,22,jul,188,2,-1,0,unknown,no
37,technician,single,tertiary,no,1661,no,no,cellular,19,aug,199,5,-1,0,unknown,no
36,services,married,secondary,no,338,no,no,unknown,14,may,90,1,-1,0,unknown,no
54,blue-collar,married,secondary,no,2059,yes,no,cellular,25,aug,177,4,-1,0,unknown,no
27,admin.,married,secondary,no,132,no,no,cellular,13,oct,123,2,-1,0,unknown,no
34,management,single,secondary,no,0,no,no,cellular,22,aug,132,4,-1,0,unknown,no
28,blue-collar,married,secondary,no,8,yes,no,cellular,15,may,196,1,-1,0,unknown,no
32,blue-collar,divorced,secondary,no,739,yes,no,unknown,9,may,171,1,-1,0,unknown,no
35,services,married,secondary,no,152,yes,no,unknown,2,jun,563,1,-1,0,unknown,yes
47,services,married,secondary,no,3333,yes,yes,cellular,29,jul,114,2,-1,0,unknown,no
35,admin.,married,secondary,no,0,yes,no,cellular,7,may,121,2,-1,0,unknown,no
41,entrepreneur,married,secondary,no,2105,yes,no,cellular,18,nov,134,1,-1,0,unknown,no
44,unknown,married,secondary,no,2319,no,no,cellular,4,aug,251,3,-1,0,unknown,no
56,management,married,primary,no,772,yes,no,telephone,20,nov,291,1,-1,0,unknown,no
40,services,married,primary,no,33,no,no,unknown,26,may,70,3,-1,0,unknown,no
62,management,married,tertiary,no,0,no,no,cellular,13,oct,78,3,-1,0,unknown,no
31,technician,single,tertiary,no,23,no,no,cellular,25,aug,121,3,-1,0,unknown,no
34,self-employed,married,tertiary,no,5498,no,no,cellular,19,nov,265,1,-1,0,unknown,no
44,management,single,tertiary,no,5063,no,no,cellular,27,oct,418,2,-1,0,unknown,yes
42,blue-collar,married,primary,no,7041,yes,no,cellular,28,jul,386,4,-1,0,unknown,no
26,blue-collar,single,primary,no,155,yes,no,cellular,29,jan,291,1,244,4,failure,no
28,admin.,single,secondary,no,1323,yes,no,unknown,3,jun,361,1,-1,0,unknown,no
54,admin.,married,secondary,no,865,yes,no,cellular,17,nov,71,1,-1,0,unknown,no
32,technician,married,tertiary,no,-1053,yes,no,cellular,21,jul,357,3,-1,0,unknown,no
34,technician,married,secondary,no,-136,yes,yes,cellular,12,aug,131,2,-1,0,unknown,no
30,management,married,tertiary,no,931,no,no,cellular,17,jul,1183,1,-1,0,unknown,no
50,management,single,tertiary,no,567,yes,no,unknown,16,may,274,8,-1,0,unknown,no
35,blue-collar,married,secondary,no,280,yes,yes,cellular,31,jul,65,50,-1,0,unknown,no
42,unemployed,single,secondary,no,2613,yes,no,cellular,30,jul,174,6,-1,0,unknown,no
53,retired,divorced,secondary,yes,-200,no,yes,unknown,6,jun,161,1,-1,0,unknown,no
48,blue-collar,married,unknown,no,131,yes,no,unknown,6,may,189,1,-1,0,unknown,no
38,management,divorced,tertiary,no,4425,yes,no,unknown,30,may,162,1,-1,0,unknown,no
55,blue-collar,married,unknown,no,23,no,no,cellular,30,jan,143,1,2,3,other,no
39,management,single,tertiary,no,0,yes,no,cellular,16,apr,81,2,-1,0,unknown,no
48,unemployed,divorced,secondary,no,1266,yes,no,telephone,3,feb,45,1,-1,0,unknown,no
26,blue-collar,married,primary,no,5116,yes,no,cellular,22,jul,246,3,-1,0,unknown,no
30,admin.,single,secondary,no,105,yes,no,cellular,21,nov,75,1,-1,0,unknown,no
34,blue-collar,married,unknown,no,41,yes,no,cellular,6,may,34,9,-1,0,unknown,no
34,management,single,tertiary,no,184,no,no,cellular,22,jul,203,4,-1,0,unknown,no
23,services,married,secondary,no,-19,yes,no,unknown,20,jun,13,10,-1,0,unknown,no
34,admin.,divorced,secondary,no,479,yes,no,cellular,12,may,515,1,350,5,failure,yes
23,blue-collar,single,unknown,no,817,yes,no,cellular,18,may,123,1,-1,0,unknown,no
53,technician,married,secondary,no,4541,yes,no,unknown,15,may,190,6,-1,0,unknown,no
25,admin.,married,secondary,no,242,yes,no,cellular,30,jul,62,12,-1,0,unknown,no
38,blue-collar,married,secondary,no,171,yes,yes,unknown,20,may,172,1,-1,0,unknown,no
31,services,single,secondary,no,469,no,yes,cellular,2,feb,111,1,-1,0,unknown,no
42,technician,married,secondary,no,0,no,no,cellular,29,aug,82,12,-1,0,unknown,no
30,management,single,tertiary,no,775,yes,no,unknown,16,jun,124,2,-1,0,unknown,no
25,blue-collar,married,primary,yes,-589,yes,no,unknown,3,jun,233,1,-1,0,unknown,no
48,management,married,primary,no,247,yes,yes,unknown,14,may,145,1,-1,0,unknown,no
32,blue-collar,married,primary,no,642,no,yes,cellular,8,jul,524,1,-1,0,unknown,no
58,retired,married,secondary,no,11,no,no,cellular,11,aug,270,1,-1,0,unknown,no
32,technician,single,tertiary,no,705,yes,no,cellular,20,apr,20,4,-1,0,unknown,no
53,entrepreneur,married,tertiary,no,22370,yes,no,unknown,15,may,106,1,-1,0,unknown,no
48,blue-collar,married,primary,no,5366,yes,no,unknown,21,may,248,3,-1,0,unknown,no
37,admin.,single,secondary,no,-296,yes,no,cellular,20,apr,81,1,-1,0,unknown,no
47,services,divorced,secondary,no,4906,yes,no,unknown,14,may,389,1,-1,0,unknown,no
38,blue-collar,married,primary,no,290,yes,no,cellular,16,apr,283,1,-1,0,unknown,no
27,admin.,single,tertiary,no,3672,yes,no,cellular,15,may,157,2,351,5,failure,no
46,blue-collar,married,primary,no,143,yes,no,unknown,7,may,279,1,-1,0,unknown,no
40,management,married,tertiary,no,1734,yes,no,unknown,2,jun,169,1,-1,0,unknown,no
51,blue-collar,married,secondary,no,397,yes,no,cellular,20,aug,293,2,-1,0,unknown,no
28,services,single,secondary,no,-427,yes,yes,unknown,21,may,965,2,-1,0,unknown,no
59,admin.,married,secondary,no,92,yes,no,cellular,12,may,139,2,350,1,failure,no
35,self-employed,married,tertiary,no,560,yes,no,cellular,2,apr,58,1,136,1,failure,no
48,blue-collar,married,primary,no,574,no,no,cellular,5,aug,348,1,-1,0,unknown,no
34,blue-collar,married,secondary,no,67,yes,yes,unknown,8,may,672,3,-1,0,unknown,no
